{"cross_entropy": 2.67578125, "perplexity": 14.523692042874359}