{"cross_entropy": 2.354374885559082, "perplexity": 10.531543383716917}