{"cross_entropy": 11.190262794494629, "perplexity": 72421.81133194493}