{"cross_entropy": 2.333767890930176, "perplexity": 10.316740745424195}