{"cross_entropy": 3.828125, "perplexity": 45.97625189374871}