{"cross_entropy": 2.3630788326263428, "perplexity": 10.623609467793468}