{"cross_entropy": 2.353895664215088, "perplexity": 10.526497652449864}