{"cross_entropy": 2.337373733520508, "perplexity": 10.354008438935864}