{"cross_entropy": 2.654296875, "perplexity": 14.214987631491761}