{"cross_entropy": 2.673828125, "perplexity": 14.495353140571094}