{"cross_entropy": 3.869140625, "perplexity": 47.90120329104557}