{"cross_entropy": 2.66796875, "perplexity": 14.4106677747075}