{"cross_entropy": 2.6953125, "perplexity": 14.81014620089916}