{"cross_entropy": 3.935546875, "perplexity": 51.1901369093998}