{"cross_entropy": 3.78125, "perplexity": 43.87084603329354}