{"cross_entropy": 2.689453125, "perplexity": 14.723621737689907}