{"cross_entropy": 2.3424041271209717, "perplexity": 10.40622440003476}