{"cross_entropy": 3.984375, "perplexity": 53.75168417471723}