{"cross_entropy": 2.3527064323425293, "perplexity": 10.51398664665308}