{"cross_entropy": 2.65625, "perplexity": 14.242778409807016}