{"cross_entropy": 2.685546875, "perplexity": 14.666219776472907}