{"cross_entropy": 2.3299403190612793, "perplexity": 10.277328154148336}