{"cross_entropy": 2.372101068496704, "perplexity": 10.719891866340777}