{"cross_entropy": 3.7418131828308105, "perplexity": 42.17439076116891}