{"cross_entropy": 11.491024017333984, "perplexity": 97833.66476894642}