{"cross_entropy": 2.69921875, "perplexity": 14.868111474214228}