{"cross_entropy": 2.677734375, "perplexity": 14.552086348683558}