{"cross_entropy": 2.68359375, "perplexity": 14.637602771363136}