{"cross_entropy": 2.354387044906616, "perplexity": 10.531671441191538}