{"cross_entropy": 2.359880208969116, "perplexity": 10.589682827427719}