{"cross_entropy": 2.3279688358306885, "perplexity": 10.257086533601058}