{"cross_entropy": 2.3537259101867676, "perplexity": 10.524710888728716}