{"cross_entropy": 2.6640625, "perplexity": 14.354485905365031}