{"cross_entropy": 2.3535053730010986, "perplexity": 10.522390054533863}