{"cross_entropy": 3.8149073123931885, "perplexity": 45.372550714902914}