{"cross_entropy": 2.3728480339050293, "perplexity": 10.727902246111764}