{"cross_entropy": 2.7109375, "perplexity": 15.04337206739713}