{"cross_entropy": 2.671875, "perplexity": 14.467069533669397}