{"cross_entropy": 2.328939437866211, "perplexity": 10.26704691567071}