{"cross_entropy": 2.66015625, "perplexity": 14.298523068373607}