{"cross_entropy": 2.354121685028076, "perplexity": 10.52887712890266}