{"cross_entropy": 3.791614055633545, "perplexity": 44.32789024704418}