{"cross_entropy": 2.669921875, "perplexity": 14.438841114275835}