{"cross_entropy": 3.939453125, "perplexity": 51.39048944047805}