{"cross_entropy": 3.884805202484131, "perplexity": 48.65746318329406}