{"cross_entropy": 3.914254665374756, "perplexity": 50.1117075976547}