{"cross_entropy": 2.379821300506592, "perplexity": 10.802972205772104}