{"cross_entropy": 2.3535807132720947, "perplexity": 10.523182844116215}