{"cross_entropy": 2.331117630004883, "perplexity": 10.289434890353341}