{"cross_entropy": 2.3564794063568115, "perplexity": 10.55373057431323}